{
 "mdsDat": {
 "x": [ -0.0032417, 0.044567, -0.17353, 0.029759, 0.10244 ],
"y": [ -0.034177, 0.11145, -0.00017999, -0.038369, -0.038727 ],
"topics": [ 1, 2, 3, 4, 5 ],
"Freq": [ 21.664, 21.058, 20.163, 18.578, 18.537 ],
"cluster": [      1,      1,      1,      1,      1 ]
},
"tinfo": {
 "Term": [ "시험", "발표", "성적", "수업", "토론", "이해", "설명", "내용", "쉽다", "교수", "평가", "어렵다", "감사", "과제", "친절", "늦다", "출석", "열정", "배움", "학생", "질문", "휴강", "준비", "공지", "피드백", "재미", "소통", "지각", "이야기", "인상깊다", "토론", "피드백", "발표", "능력", "인상깊다", "준비", "도움", "소통", "별로", "질문", "과제", "학생", "수업", "교수", "재미", "내용", "평가", "배움", "못하다", "이야기", "어렵다", "열정", "성적", "이해", "설명", "감사", "친절", "쉽다", "시험", "지각", "쉽다", "설명", "이해", "어렵다", "내용", "도움", "배움", "재미", "수업", "소통", "교수", "과제", "친절", "감사", "학생", "능력", "열정", "이야기", "별로", "못하다", "질문", "인상깊다", "준비", "시험", "발표", "평가", "토론", "지각", "휴강", "공지", "시험", "성적", "평가", "공지", "과제", "출석", "못하다", "별로", "어렵다", "지각", "준비", "늦다", "휴강", "발표", "학생", "능력", "배움", "피드백", "질문", "도움", "수업", "열정", "내용", "교수", "설명", "인상깊다", "소통", "이해", "쉽다", "친절", "휴강", "늦다", "지각", "출석", "공지", "이야기", "준비", "수업", "열정", "교수", "별로", "감사", "재미", "학생", "못하다", "내용", "인상깊다", "친절", "배움", "이해", "소통", "도움", "평가", "어렵다", "과제", "시험", "성적", "발표", "설명", "피드백", "친절", "감사", "질문", "열정", "이야기", "재미", "인상깊다", "소통", "교수", "배움", "못하다", "학생", "능력", "수업", "별로", "도움", "설명", "피드백", "토론", "이해", "어렵다", "과제", "준비", "발표", "지각", "휴강", "공지", "늦다", "출석", "쉽다", "감사", "재미", "출석", "성적", "출석", "늦다", "시험", "내용", "성적", "평가" ],
"logprob": [     30,     29,     28,     27,     26,     25,     24,     23,     22,     21,     20,     19,     18,     17,     16,     15,     14,     13,     12,     11,     10,      9,      8,      7,      6,      5,      4,      3,      2,      1, -2.8192, -3.9858, -2.0823, -4.0618, -3.9408, -3.5922, -3.7742, -3.4686, -4.0945, -4.2799, -3.4881, -2.0057, -1.4122, -2.4078, -4.1504, -3.6014, -4.5075, -3.2995, -6.2326, -5.5924, -4.7261, -4.834, -5.0524, -4.5447, -4.8926, -5.9451, -6.2852, -6.3697, -5.2237, -13.809, -2.9743, -2.4778, -2.322, -2.8126, -2.3542, -3.7789, -2.554, -3.9121, -1.3822, -3.949, -2.5021, -4.1058, -5.0475, -4.8116, -2.8178, -5.6481, -4.818, -5.9963, -5.605, -6.8225, -5.7733, -5.8603, -5.461, -4.2881, -5.7088, -6.7316, -6.9225, -13.78, -13.78, -13.78, -1.2956, -2.5668, -2.8512, -4.4643, -2.8521, -4.2564, -5.0502, -4.3529, -3.7387, -5.6463, -4.0402, -5.2257, -5.464, -3.4274, -2.3703, -5.2882, -3.3642, -5.7263, -5.1113, -4.8169, -1.9787, -4.5126, -4.0219, -3.1008, -4.8237, -5.6012, -5.0759, -4.7583, -5.6936, -6.0829, -3.9699, -3.8011, -4.2606, -3.9699, -4.4429, -4.2119, -3.4405, -0.8873, -3.4666, -1.875, -4.286, -4.1653, -3.9667, -2.2977, -5.6806, -3.503, -4.6786, -5.1064, -3.7374, -4.6661, -5.1562, -5.5216, -5.4644, -5.1162, -5.507, -4.6113, -6.4084, -5.9567, -6.3734, -9.7216, -3.2428, -3.0589, -3.4988, -3.0805, -4.1958, -3.2015, -3.8384, -3.3901, -1.7169, -2.4897, -5.1457, -1.8917, -4.7237, -1.4994, -4.6533, -4.5099, -4.1997, -5.934, -4.9873, -4.418, -4.9873, -5.2191, -5.7334, -5.8286, -13.653, -13.653, -13.653, -13.653, -13.653, -13.653, -5.8133, -5.7098, -13.809, -13.78, -13.78, -13.78, -13.653, -13.653, -13.653, -13.653 ],
"loglift": [     30,     29,     28,     27,     26,     25,     24,     23,     22,     21,     20,     19,     18,     17,     16,     15,     14,     13,     12,     11,     10,      9,      8,      7,      6,      5,      4,      3,      2,      1, 1.4216, 1.2764, 1.2623, 0.8806, 0.5446, 0.4846, 0.4805, 0.4746, 0.3882,  0.279, 0.2633, 0.2273, -0.0315, -0.1786, -0.2057, -0.2523, -0.3129, -0.3264, -0.6224, -0.6393, -0.8975, -0.9196, -0.9879, -0.9928, -1.1637, -1.7092, -1.7366, -1.9308, -2.4284, -8.1053, 1.4647, 1.2512,   1.23,  1.016, 0.9949, 0.4758, 0.4191, 0.0327, -0.0015, -0.0059, -0.2729, -0.3544, -0.4989, -0.5757, -0.5847, -0.7057, -0.9036, -1.0433, -1.1223, -1.2123, -1.2144, -1.3748, -1.3842, -1.4928, -2.3642, -2.5369, -2.6817, -8.0765, -8.345, -8.3778, 1.4997, 1.4976, 1.3435, 0.9378, 0.8992, 0.8005,   0.56, 0.1298, 0.0899, 0.0571, 0.0366, 0.0265, -0.0291, -0.0828, -0.1373, -0.3458, -0.3911, -0.4641, -0.5525, -0.5623, -0.598, -0.5983, -0.6728, -0.8716, -1.0947, -1.1158, -1.1328, -1.2063, -1.2546, -1.5343, 1.4651, 1.4511, 1.4428, 1.0871, 0.9592, 0.7412, 0.6363, 0.4935, 0.4478, 0.3542, 0.1968, 0.0705, -0.022, -0.0646, -0.0704, -0.1539, -0.1932, -0.5578, -0.7643, -1.1141, -1.2131, -1.2669, -1.2697, -1.2876, -1.7556, -1.816, -2.344, -2.6121, -2.6444, -4.4593, 1.3058, 1.1769,   1.06, 0.8339, 0.7572, 0.7433, 0.6471,  0.553, 0.5124, 0.4834, 0.4644, 0.3413, 0.2188, -0.1186, -0.1706, -0.2552, -0.4708, -0.6718, -0.7465, -0.866, -1.1587, -1.4677, -1.6566, -2.4841, -7.9496, -8.2182, -8.2509, -8.4009, -8.5962, -9.2141, -1.5775, -1.7651, -8.7518, -9.7155, -8.723, -8.5278, -10.858, -10.304, -9.5887, -9.4584 ],
"Freq": [   5595,   3230,   1572,  23024,   1318,   2625,   2199,   3216,   1081,   9856,   1380,   1991,   1325,   2150,    969,    479,    582,   1827,   4684,   9818,    959,    399,   1553,    412,    474,   1772,   1775,    305,    646,   1032, 1183.7,  368.6, 2473.2, 341.63, 385.58, 546.39,  455.5, 618.31, 330.64, 274.71, 606.32,   2670, 4833.5,   1786, 312.66,  541.4, 218.77, 732.18, 38.975, 73.935, 175.82, 157.84, 126.87, 210.78, 148.85,  51.96, 36.978, 33.981,  106.9, 0.019977, 985.25, 1618.8, 1891.5, 1158.1, 1831.6, 440.68, 1499.9, 385.72, 4841.3, 371.73, 1579.8, 317.77, 123.92,  156.9, 1152.1, 67.967,  155.9, 47.983, 70.965, 21.004, 59.973, 54.977, 81.956, 264.81,  63.97, 23.002, 19.005, 0.019984, 0.019984, 0.019984, 5054.7, 1417.9, 1066.9,  212.6, 1065.9, 261.73, 118.34, 237.66, 439.21, 65.197,  324.9, 99.289, 78.232, 599.64, 1725.7, 93.273, 638.75, 60.183, 111.32, 149.42, 2552.9, 202.57, 330.92, 831.27, 148.42, 68.205, 115.33, 158.45, 62.188, 42.134, 321.18,  380.2, 240.14, 321.18, 200.12, 252.14, 545.28, 7006.4, 531.28, 2609.3, 234.13, 264.15, 322.18, 1709.8, 58.048, 512.27,  158.1, 103.07, 405.22,  160.1, 98.067, 68.053, 72.055, 102.07, 69.053,  169.1, 28.034, 44.041, 29.034, 1.0205, 663.09,  796.9,  513.3, 779.92, 255.66, 691.05, 365.51, 572.21, 3049.7,   1408, 98.881, 2560.4, 150.81, 3790.7, 161.79, 186.76, 254.66, 44.957, 115.86, 204.73, 115.86, 91.891, 54.943,  49.95, 0.019972, 0.019972, 0.019972, 0.019972, 0.019972, 0.019972, 55.169, 61.186, 0.019977, 0.019984, 0.019984, 0.019984, 0.019972, 0.019972, 0.019972, 0.019972 ],
"Total": [   5595,   3230,   1572,  23024,   1318,   2625,   2199,   3216,   1081,   9856,   1380,   1991,   1325,   2150,    969,    479,    582,   1827,   4684,   9818,    959,    399,   1553,    412,    474,   1772,   1775,    305,    646,   1032, 1318.6, 474.78, 3230.8,  653.7, 1032.4, 1553.5, 1300.4, 1775.7, 1035.2, 959.32, 2150.9,   9818,  23025,   9856, 1772.8, 3216.2, 1380.8,   4684, 335.25, 646.79, 1991.1, 1827.5, 1572.8, 2625.6, 2199.7, 1325.1, 969.19, 1081.5, 5595.5, 305.39, 1081.5, 2199.7, 2625.6, 1991.1, 3216.2, 1300.4,   4684, 1772.8,  23025, 1775.7,   9856, 2150.9, 969.19, 1325.1,   9818,  653.7, 1827.5, 646.79, 1035.2, 335.25, 959.32, 1032.4, 1553.5, 5595.5, 3230.8, 1380.8, 1318.6, 305.39, 399.47, 412.77, 5595.5, 1572.8, 1380.8, 412.77, 2150.9, 582.96, 335.25, 1035.2, 1991.1, 305.39, 1553.5, 479.55, 399.47, 3230.8,   9818,  653.7,   4684, 474.78, 959.32, 1300.4,  23025, 1827.5, 3216.2,   9856, 2199.7, 1032.4, 1775.7, 2625.6, 1081.5, 969.19, 399.47, 479.55, 305.39, 582.96, 412.77, 646.79, 1553.5,  23025, 1827.5,   9856, 1035.2, 1325.1, 1772.8,   9818, 335.25, 3216.2, 1032.4, 969.19,   4684, 2625.6, 1775.7, 1300.4, 1380.8, 1991.1, 2150.9, 5595.5, 1572.8, 3230.8, 2199.7, 474.78, 969.19, 1325.1, 959.32, 1827.5, 646.79, 1772.8, 1032.4, 1775.7,   9856,   4684, 335.25,   9818,  653.7,  23025, 1035.2, 1300.4, 2199.7, 474.78, 1318.6, 2625.6, 1991.1, 2150.9, 1553.5, 3230.8, 305.39, 399.47, 412.77, 479.55, 582.96, 1081.5, 1325.1, 1772.8, 582.96, 1572.8, 582.96, 479.55, 5595.5, 3216.2, 1572.8, 1380.8 ],