{
 "mdsDat": {
 "x": [ -0.016143, 0.054066, -0.11665, -0.045293, 0.12402 ],
"y": [ 0.10895, -0.06689, -0.043953, -7.9135e-05, 0.0019712 ],
"topics": [ 1, 2, 3, 4, 5 ],
"Freq": [ 22.295, 21.653, 19.993,   18.4, 17.659 ],
"cluster": [      1,      1,      1,      1,      1 ] 
},
"tinfo": {
 "Term": [ "시험", "이해", "발표", "설명", "쉽다", "감사", "토론", "과제", "재미", "수업", "학생", "어렵다", "교수", "배움", "능력", "성적", "평가", "열정", "친절", "내용", "소통", "최고", "사랑", "도움", "피드백", "이름", "만족", "기억", "질문", "인상깊다", "쉽다", "설명", "이해", "어렵다", "내용", "잘하다", "친절", "도움", "교수", "질문", "배움", "재미", "수업", "학생", "인상깊다", "열정", "소통", "감사", "만족", "준비", "이야기", "기억", "과제", "최고", "능력", "사랑", "시험", "이름", "피드백", "평가", "토론", "능력", "발표", "소통", "피드백", "도움", "질문", "이야기", "학생", "배움", "인상깊다", "수업", "준비", "과제", "교수", "재미", "열정", "내용", "잘하다", "친절", "기억", "어렵다", "이해", "성적", "평가", "이름", "최고", "설명", "쉽다", "사랑", "사랑", "이름", "기억", "감사", "열정", "친절", "인상깊다", "학생", "교수", "잘하다", "질문", "준비", "최고", "수업", "피드백", "이야기", "소통", "성적", "재미", "설명", "이해", "능력", "배움", "도움", "만족", "평가", "과제", "토론", "쉽다", "어렵다", "최고", "만족", "재미", "이야기", "배움", "수업", "내용", "감사", "준비", "교수", "열정", "소통", "기억", "인상깊다", "도움", "친절", "학생", "어렵다", "토론", "잘하다", "이름", "사랑", "피드백", "평가", "성적", "질문", "능력", "과제", "쉽다", "발표", "시험", "평가", "성적", "과제", "만족", "어렵다", "피드백", "잘하다", "발표", "준비", "내용", "도움", "능력", "질문", "수업", "배움", "최고", "학생", "토론", "감사", "이야기", "재미", "쉽다", "기억", "열정", "교수", "설명", "이름", "인상깊다", "소통", "이해", "친절", "발표", "토론", "성적", "감사", "시험", "내용", "발표", "시험", "이해", "설명" ],
"logprob": [     30,     29,     28,     27,     26,     25,     24,     23,     22,     21,     20,     19,     18,     17,     16,     15,     14,     13,     12,     11,     10,      9,      8,      7,      6,      5,      4,      3,      2,      1, -2.6462, -2.3733, -2.2938, -2.942, -2.9827, -4.8517, -3.5519, -3.624, -1.9902, -4.6523, -3.0239, -3.2904, -1.6609, -2.8093, -4.9012, -3.8051, -4.1214, -3.7486, -6.1145, -5.0493, -6.4267, -6.7831, -6.4267, -6.7366, -6.6497, -8.7233, -6.8319, -13.741, -13.741, -13.741, -2.8412, -3.0672, -2.5282, -2.6445, -4.2096, -3.2467, -4.064, -4.6132, -2.1058, -2.7039, -4.4253, -1.4246, -4.2593, -4.3582, -2.267, -3.7604, -4.077, -4.5073, -6.1113, -4.6706, -6.1892, -4.9253, -4.7636, -5.9936, -6.3343, -7.4961, -6.5041, -5.706, -6.7087, -13.713, -4.0191, -4.2979, -4.1855, -2.2447, -2.473, -2.9061, -3.7644, -1.8977, -1.401, -5.0042, -4.4245, -4.0809, -4.6858, -1.685, -5.6795, -5.6795, -4.3429, -5.7335, -4.3112, -5.088, -5.1175, -6.321, -4.9778, -6.7262, -13.635, -13.635, -13.635, -13.635, -13.635, -13.635, -3.3926, -4.2727, -2.1382, -4.2451, -2.266, -0.9364, -3.4924, -3.0348, -4.1093, -1.973, -3.8186, -4.0292, -5.9247, -5.1277, -4.5698, -5.1388, -3.8518, -5.8097, -6.4191, -9.619, -13.551, -13.551, -13.551, -13.551, -13.551, -13.551, -13.551, -13.551, -13.551, -13.551, -1.7654, -3.4177, -3.1666, -2.838, -4.7955, -3.3017, -4.6146, -4.9185, -3.4646, -3.9389,   -3.6, -3.7954, -4.2635, -4.6935, -1.6263, -3.1879, -4.8908, -2.7715, -4.5162, -3.5277, -5.5481, -3.7743, -4.6641, -6.0356, -4.1404, -2.6847, -4.4734, -6.7571, -5.5136, -4.6714, -4.8122, -5.7199, -13.741, -13.741, -13.741, -13.713, -13.635, -13.635, -13.635, -13.551, -13.551, -13.551 ],
"loglift": [     30,     29,     28,     27,     26,     25,     24,     23,     22,     21,     20,     19,     18,     17,     16,     15,     14,     13,     12,     11,     10,      9,      8,      7,      6,      5,      4,      3,      2,      1, 1.3857,  1.326, 1.3191, 0.9508, 0.7426, 0.4735, 0.3108,  0.264, -0.0226, -0.0329, -0.088, -0.1147, -0.2271, -0.3409, -0.3625, -0.3738, -0.4917, -0.5414, -0.715, -0.8036, -1.3934, -1.4128, -2.1195, -2.1261, -2.3231, -3.1438, -3.3405, -7.9462, -8.5643, -8.6534, 1.3674, 1.2593, 1.2525, 0.9852, 0.9668, 0.6413, 0.5554, 0.4202, 0.3625,  0.232, 0.1134, 0.0093, -0.0137, -0.0509, -0.2994, -0.5846, -0.6457, -0.782, -0.786, -0.808, -0.8189, -1.0325, -1.1507, -1.2411, -1.2471, -1.7017, -1.8935, -2.0067, -2.6768, -8.1332, 1.5604, 1.4965, 1.1848, 0.9625, 0.9583, 0.9565, 0.7742, 0.5707, 0.5666,  0.321, 0.1949, 0.1647, -0.0753, -0.2512, -0.5032, -0.6462, -0.7132, -0.9811, -1.1355, -1.3887, -1.5046, -1.9945, -2.0419, -2.8382, -8.2354, -8.5477, -9.3277, -9.4262, -9.603, -9.7421, 1.2179, 1.1268, 1.0375, 0.7883, 0.6699, 0.4974, 0.2329, 0.1724, 0.1364, -0.0054, -0.3874, -0.3995, -0.5544, -0.5891, -0.6817, -1.2761, -1.3835, -1.9169, -2.2104, -4.2937, -7.7564, -7.9713, -8.3745, -8.4636, -8.7983, -8.9314, -9.2242, -9.2436, -9.5189,  -9.77,  1.726, 1.6696, 1.5859, 1.4692,  0.604, 0.5911, 0.5617, 0.4068, 0.3162, 0.3067, 0.1253, 0.0926,  0.063, -0.0741, -0.1924, -0.2519, -0.2803, -0.3031, -0.3075, -0.3204, -0.5147, -0.5986, -0.6322, -0.6653, -0.7091, -0.7171, -0.7741, -0.9627, -0.975, -1.0417, -1.1993, -1.8572, -9.9598, -9.5319, -8.9881, -10.505, -10.143, -9.9096, -9.8541, -10.059, -9.9379, -9.8516 ],
"Freq": [   2536,   2246,   1899,   2060,   1477,   3370,   1238,   1121,   3478,  19853,   7056,   1698,  11642,   4420,   1100,    718,    514,   2693,   1749,   2007,   2209,    828,    314,   1706,    470,    253,    376,    387,    821,    890, 1316.8, 1730.1, 1873.1,  979.6, 940.58, 145.11, 532.34, 495.32, 2537.5, 177.13, 902.56, 691.43, 3527.1, 1118.7,  138.1, 413.27,  301.2, 437.28, 41.045, 119.09, 30.038, 21.033, 30.038, 22.033, 24.034, 3.0218, 20.032, 0.020012, 0.020012, 0.020012, 1052.3, 839.45,   1439, 1281.1, 267.84, 701.54, 309.81,  178.9, 2195.5, 1207.2, 215.87, 4339.1, 254.85, 230.86, 1868.7, 419.73, 305.81, 198.88, 39.993,  168.9, 36.995, 130.93, 153.91, 44.989, 31.998, 10.013, 27.002, 59.979, 22.005, 0.019986, 299.21, 226.41, 253.34, 1764.3, 1404.2, 910.56, 385.98, 2496.3,   4102, 111.72, 199.48, 281.26, 153.61, 3087.7, 56.867, 56.867, 216.44, 53.875, 223.42, 102.74, 99.751, 29.939, 114.71, 19.966, 0.019946, 0.019946, 0.019946, 0.019946, 0.019946, 0.019946, 515.19, 213.68, 1806.1, 219.67, 1589.5, 6007.4, 466.27, 736.84, 251.62, 2130.6, 336.48, 272.58, 40.954, 90.874, 158.77, 89.876,  325.5, 45.946,  24.98, 1.0184, 0.019968, 0.019968, 0.019968, 0.019968, 0.019968, 0.019968, 0.019968, 0.019968, 0.019968, 0.019968, 2516.6, 482.23, 619.86, 860.97, 121.58,  541.5, 145.69, 107.51, 460.13, 286.33, 401.86, 330.54, 206.97, 134.64, 2892.3,  606.8, 110.53, 920.24, 160.76,    432, 57.283, 337.57, 138.66, 35.181, 234.09, 1003.6, 167.79, 17.098, 59.292, 137.65, 119.57, 48.241, 0.020012, 0.020012, 0.020012, 0.019986, 0.019946, 0.019946, 0.019946, 0.019968, 0.019968, 0.019968 ],
"Total": [   2536,   2246,   1899,   2060,   1477,   3370,   1238,   1121,   3478,  19853,   7056,   1698,  11642,   4420,   1100,    718,    514,   2693,   1749,   2007,   2209,    828,    314,   1706,    470,    253,    376,    387,    821,    890, 1477.5, 2060.6, 2246.4,   1698, 2007.6, 405.35, 1749.9, 1706.1,  11642, 821.07, 4420.7, 3478.3,  19854, 7056.2, 890.12, 2693.9,   2209, 3370.4, 376.34, 1193.1, 542.75,  387.5, 1121.9, 828.36, 1100.4, 314.35, 2536.6, 253.56, 470.43, 514.29, 1238.1, 1100.4, 1899.2,   2209, 470.43, 1706.1, 821.07, 542.75, 7056.2, 4420.7, 890.12,  19854, 1193.1, 1121.9,  11642, 3478.3, 2693.9, 2007.6, 405.35, 1749.9,  387.5,   1698, 2246.4, 718.77, 514.29, 253.56, 828.36, 2060.6, 1477.5, 314.35, 314.35, 253.56,  387.5, 3370.4, 2693.9, 1749.9, 890.12, 7056.2,  11642, 405.35, 821.07, 1193.1, 828.36,  19854, 470.43, 542.75,   2209, 718.77, 3478.3, 2060.6, 2246.4, 1100.4, 4420.7, 1706.1, 376.34, 514.29, 1121.9, 1238.1, 1477.5,   1698, 828.36, 376.34, 3478.3, 542.75, 4420.7,  19854, 2007.6, 3370.4, 1193.1,  11642, 2693.9,   2209,  387.5, 890.12, 1706.1, 1749.9, 7056.2,   1698, 1238.1, 405.35, 253.56, 314.35, 470.43, 514.29, 718.77, 821.07, 1100.4, 1121.9, 1477.5, 1899.2, 2536.6, 514.29, 718.77, 1121.9, 376.34,   1698, 470.43, 405.35, 1899.2, 1193.1, 2007.6, 1706.1, 1100.4, 821.07,  19854, 4420.7, 828.36, 7056.2, 1238.1, 3370.4, 542.75, 3478.3, 1477.5,  387.5, 2693.9,  11642, 2060.6, 253.56, 890.12,   2209, 2246.4, 1749.9, 1899.2, 1238.1, 718.77, 3370.4, 2536.6, 2007.6, 1899.2, 2536.6, 2246.4, 2060.6 ],