{
 "mdsDat": {
 "x": [ -0.027197, 0.006424, -0.11017, 0.15719, -0.026249 ],
"y": [ 0.085386, -0.050666, -0.056543, -0.016401, 0.038224 ],
"topics": [ 1, 2, 3, 4, 5 ],
"Freq": [ 21.695, 21.184, 19.114, 19.099, 18.906 ],
"cluster": [      1,      1,      1,      1,      1 ]
},
"tinfo": {
 "Term": [ "시험", "발표", "이해", "설명", "쉽다", "배움", "토론", "교수", "감사", "문제", "열정", "성적", "학생", "평가", "과제", "내용", "어렵다", "친절", "없다", "수업", "많다", "재미", "지식", "질문", "소통", "도움", "능력", "피드백", "인상깊다", "아쉽다", "쉽다", "설명", "이해", "어렵다", "내용", "도움", "재미", "교수", "친절", "수업", "배움", "지식", "질문", "소통", "학생", "인상깊다", "유익", "많다", "열정", "이야기", "감사", "없다", "문제", "준비", "능력", "아쉽다", "과제", "토론", "피드백", "발표", "토론", "발표", "피드백", "능력", "질문", "소통", "준비", "학생", "도움", "아쉽다", "인상깊다", "많다", "과제", "수업", "이야기", "교수", "평가", "지식", "유익", "없다", "배움", "재미", "성적", "내용", "친절", "어렵다", "열정", "이해", "문제", "설명", "감사", "열정", "친절", "인상깊다", "교수", "질문", "준비", "학생", "수업", "재미", "피드백", "소통", "이야기", "많다", "없다", "설명", "유익", "성적", "능력", "지식", "이해", "평가", "배움", "아쉽다", "도움", "어렵다", "내용", "과제", "토론", "문제", "시험", "성적", "문제", "평가", "과제", "없다", "아쉽다", "어렵다", "피드백", "많다", "능력", "내용", "학생", "준비", "발표", "배움", "도움", "수업", "열정", "질문", "이해", "이야기", "교수", "설명", "쉽다", "소통", "인상깊다", "감사", "재미", "유익", "유익", "지식", "배움", "이야기", "재미", "많다", "소통", "도움", "내용", "수업", "없다", "아쉽다", "교수", "감사", "과제", "능력", "준비", "인상깊다", "어렵다", "학생", "친절", "토론", "열정", "이해", "문제", "발표", "설명", "피드백", "평가", "질문", "지식", "시험", "토론", "감사", "시험", "쉽다", "성적" ],
"logprob": [     30,     29,     28,     27,     26,     25,     24,     23,     22,     21,     20,     19,     18,     17,     16,     15,     14,     13,     12,     11,     10,      9,      8,      7,      6,      5,      4,      3,      2,      1, -2.7632, -2.399, -2.3493, -2.9477, -2.8105, -3.8967, -3.3516, -2.2271, -4.1967, -1.6233, -3.2219, -5.0039, -4.9791, -4.2145, -2.8946, -4.9113, -5.6906, -3.0872, -4.2093, -5.5059, -4.3029, -3.864, -4.9212, -5.3737, -5.9631, -6.0493, -5.4964, -6.3363, -7.5053, -5.9048, -2.8268, -2.4311, -4.2892, -3.8611, -4.0038, -3.308, -3.8147, -2.1066, -3.6847, -4.4243, -4.2291, -2.4686, -3.9391, -1.5711, -5.0723, -2.4158, -5.049, -5.0621, -5.6446, -3.6308, -3.5675, -4.0313, -5.1043, -4.2424, -4.9613, -4.7595, -4.6443, -4.7521, -5.4695, -4.9885, -2.5039, -2.534, -3.0189, -3.7535, -1.5466, -4.1665, -3.8638, -2.0832, -1.426, -3.6238, -5.7071, -4.3458, -5.4644, -3.1331, -3.8793, -4.689, -6.3151, -5.8202, -6.1877, -6.2201, -5.2126, -6.4405, -4.8155, -6.7373, -6.2174, -6.3396, -6.7513, -7.4076, -7.5738, -8.2883, -1.5551, -3.1111, -2.8185, -3.3812, -3.0447, -2.4955, -4.0692, -3.5453, -5.4214, -2.8359, -5.0911, -3.7971, -2.7886, -4.6488, -4.0949, -3.4554, -4.5014, -2.002, -4.5078, -5.5302, -4.5511, -5.9239, -3.148, -4.6732, -5.3334, -5.0263, -5.6841, -5.0509, -4.858, -6.7555, -4.1064, -3.7141, -2.0651, -4.076, -2.7532, -2.1009, -3.5388, -3.7656, -3.263, -1.2625, -2.9448, -4.6113, -2.4012, -4.0129, -4.522, -5.4262,   -5.2, -5.4646, -4.8709, -3.5296, -5.206, -5.6396, -5.1851, -5.6664, -6.526, -6.2421, -6.7827, -16.018, -16.018, -16.018, -6.301, -5.7525, -5.9198, -5.6266, -16.018, -16.018, -16.018 ],
"loglift": [     30,     29,     28,     27,     26,     25,     24,     23,     22,     21,     20,     19,     18,     17,     16,     15,     14,     13,     12,     11,     10,      9,      8,      7,      6,      5,      4,      3,      2,      1, 1.4515, 1.2938, 1.2909, 0.9399, 0.7706, 0.2015, 0.1553, -0.0047, -0.0333, -0.0723, -0.1468, -0.1925, -0.2773, -0.3115, -0.3546, -0.3655, -0.4244, -0.4352, -0.4624, -0.506, -0.5719, -0.6404, -0.6667, -0.9964, -1.059, -1.2722, -1.3784, -2.0824, -2.1026, -2.1226, 1.4271, 1.3512, 1.1135, 1.0431, 0.6979, 0.5951, 0.5626, 0.4334, 0.4136, 0.3528, 0.3166, 0.1834, 0.1789, -0.0201, -0.0725, -0.1935, -0.2404, -0.2508, -0.3784, -0.4072, -0.4924, -0.5244, -0.5347, -0.6613, -0.7979, -0.872, -0.8973, -1.1118, -1.215, -1.2957, 1.2271, 1.2129, 1.1445, 0.7922, 0.6758, 0.5353, 0.5135, 0.4568,  0.125, -0.1169, -0.3044, -0.4428, -0.4646, -0.4812, -0.6557, -0.9962, -1.049, -1.2506, -1.2835, -1.4088, -1.5723, -1.6319, -1.7404, -1.9602, -2.1192, -2.4521, -3.1701, -3.2896, -3.3199, -4.0338, 1.6276, 1.4585, 1.4359, 1.4274, 1.0733, 0.7281, 0.7079, 0.3422, -0.0187, -0.1839, -0.187, -0.216, -0.2486, -0.2715, -0.3126, -0.3803, -0.4031, -0.451, -0.7608, -0.8284, -0.9108, -0.9241, -0.9257, -0.9804, -1.1187, -1.1233, -1.1384, -1.3198, -1.3512, -1.4894, 1.1597, 1.0972,   1.01, 0.9238, 0.7536, 0.5511, 0.3642, 0.3327, 0.3181, 0.2885, 0.2788, 0.1658, -0.1789, -0.2819, -0.404, -0.522, -0.8227, -0.9188, -0.9834, -0.9896, -1.0426, -1.3857, -1.4381, -2.0261, -2.2715, -2.4598, -3.0899, -10.615, -11.209, -11.316, -1.4897, -2.5698, -1.6659, -1.8956, -12.835, -11.803, -11.448 ],
"Freq": [  39639,  21762,  25083,  23799,  14122,  44140,  13579, 1.0356e+05,  22907,  13571,  22544,   9903,  75375,   7798,  15556,  26611,  19588,  14866,  38048, 2.0265e+05,  67389,  28662,   7776,   8677,  19286,  15867,   7087,   4305,  10142,   8047,  13081,  18830,  19788,  10878,  12477,   4211, 7263.4,  22361, 3119.5,  40898, 8268.9, 1391.7, 1426.7, 3064.4,  11471, 1526.7, 700.34, 9461.4, 3080.4, 842.41, 2805.3,   4351, 1511.7, 961.47, 533.27, 489.25, 850.41, 367.19, 114.07, 565.28,  11986,  17805,   2777,   4261,   3694, 7408.1, 4463.1,  24629, 5083.1,   2426,   2949,  17150,   3941,  42076,   1269,  18079,   1299,   1282, 716.03, 5364.1, 5715.1,   3594,   1229,   2910,   1418,   1735,   1947,   1748, 853.03,   1380,  14937,  14494, 8924.7, 4281.2,  38907, 2832.8,   3834,  22749,  43893, 4874.1, 606.91, 2367.7, 773.61, 7961.5, 3775.1,   1680, 330.42, 542.03, 375.33, 363.36,  995.2, 291.49, 1480.3, 216.62, 364.35, 322.43, 213.63, 110.82, 93.849, 45.936,  38548, 8132.3,  10896, 6207.5, 8690.7,  15052, 3119.8, 5268.1, 807.03,  10709, 1122.8, 4095.2,  11228, 1747.4, 3040.6, 5763.4, 2025.1,  24655,   2012, 723.82, 1926.8, 488.24, 7837.5, 1705.3, 881.21,   1198, 620.57, 1168.9, 1417.6, 212.55, 2975.4, 4404.6,  22913, 3067.2,  11514,  22108, 5248.6, 4183.9, 6915.5,  51127, 9506.3, 1795.8,  16372,   3267, 1963.6, 795.04, 996.79, 765.08, 1385.3, 5297.5,  990.8, 642.23, 1011.8, 625.25, 264.69, 351.59, 204.77, 0.019975, 0.019975, 0.019975, 334.85, 658.33, 490.24, 729.03, 0.019975, 0.019975, 0.019975 ],
"Total": [  39639,  21762,  25083,  23799,  14122,  44140,  13579, 1.0356e+05,  22907,  13571,  22544,   9903,  75375,   7798,  15556,  26611,  19588,  14866,  38048, 2.0265e+05,  67389,  28662,   7776,   8677,  19286,  15867,   7087,   4305,  10142,   8047,  14122,  23800,  25084,  19589,  26611,  15867,  28663, 1.0356e+05,  14866, 2.0265e+05,  44140, 7776.5, 8677.4,  19287,  75376,  10143, 4934.7,  67390,  22545, 6440.5,  22907,  38048,  13572,  12003, 7087.5, 8047.5,  15557,  13580, 4305.1,  21763,  13580,  21763, 4305.1, 7087.5, 8677.4,  19287,  12003,  75376,  15867, 8047.5,  10143,  67390,  15557, 2.0265e+05, 6440.5, 1.0356e+05,   7798, 7776.5, 4934.7,  38048,  44140,  28663, 9903.4,  26611,  14866,  19589,  22545,  25084,  13572,  23800,  22907,  22545,  14866,  10143, 1.0356e+05, 8677.4,  12003,  75376, 2.0265e+05,  28663, 4305.1,  19287, 6440.5,  67390,  38048,  23800, 4934.7, 9903.4, 7087.5, 7776.5,  25084,   7798,  44140, 8047.5,  15867,  19589,  26611,  15557,  13580,  13572,  39639, 9903.4,  13572,   7798,  15557,  38048, 8047.5,  19589, 4305.1,  67390, 7087.5,  26611,  75376,  12003,  21763,  44140,  15867, 2.0265e+05,  22545, 8677.4,  25084, 6440.5, 1.0356e+05,  23800,  14122,  19287,  10143,  22907,  28663, 4934.7, 4934.7, 7776.5,  44140, 6440.5,  28663,  67390,  19287,  15867,  26611, 2.0265e+05,  38048, 8047.5, 1.0356e+05,  22907,  15557, 7087.5,  12003,  10143,  19589,  75376,  14866,  13580,  22545,  25084,  13572,  21763,  23800, 4305.1,   7798, 8677.4, 7776.5,  39639,  13580,  22907,  39639,  14122, 9903.4 ],